{
  "version": "2021.1",
  "applications": [],
  "platforms": [
    {
      "name": "design_irq_wrapper"
    }
  ],
  "systems": [
    {
      "name": "Zybo_IRQ_system",
      "platform": "/home/jnieto/workspace/design_irq_wrapper/export/design_irq_wrapper/design_irq_wrapper.xpfm",
      "sysConfig": "design_irq_wrapper",
      "buildConfig": "Debug",
      "applications": [
        {
          "name": "Zybo_IRQ",
          "platform": "/home/jnieto/workspace/design_irq_wrapper/export/design_irq_wrapper/design_irq_wrapper.xpfm",
          "platformPath": "/home/jnieto/workspace/design_irq_wrapper/export/design_irq_wrapper",
          "sysConfig": "design_irq_wrapper",
          "domain": "standalone_ps7_cortexa9_0",
          "system": "Zybo_IRQ_system"
        }
      ],
      "platformPath": "/home/jnieto/workspace/design_irq_wrapper/export/design_irq_wrapper"
    }
  ],
  "others": []
}